Price,Close,Close,Dividends,Dividends,High,High,Low,Low,Open,Open,Stock Splits,Stock Splits,Volume,Volume
Ticker,JNJ,PFE,JNJ,PFE,JNJ,PFE,JNJ,PFE,JNJ,PFE,JNJ,PFE,JNJ,PFE
Date
2023-04-13,161.15379333496094,39.44074630737305,0.0,0.0,161.36723040150937,39.65949126346497,158.92241524146365,39.279063044502784,159.2813708517887,39.49780800059471,0.0,0.0,5640600,22880900
2023-04-14,160.89183044433594,39.174442291259766,0.0,0.0,161.16347490356196,39.66899748920247,159.1649414663221,38.927166506304474,161.0179563730883,39.47878339337341,0.0,0.0,7225100,20627500
2023-04-17,160.72691345214844,39.16493225097656,0.0,0.0,161.27991350574516,39.260037482524154,160.01869855858055,38.95569638793342,160.79483197249058,39.10786693522879,0.0,0.0,8046400,17608600
2023-04-18,156.20594787597656,38.56576156616211,0.0,0.0,159.77615560979686,39.30759620554413,154.88652553140372,38.54673979304644,159.34928149780075,39.26003995873883,0.0,0.0,14571500,18541500
2023-04-19,157.68060302734375,38.270931243896484,0.0,0.0,157.8261215668485,38.57527234250133,156.36118065628355,38.23288769956286,157.15672148161286,38.451632637433086,0.0,0.0,6752000,17214300
2023-04-20,158.69927978515625,37.90001678466797,0.0,0.0,158.93212425564937,38.22337969516441,156.15745723054036,37.84295508918964,157.5835833513298,38.1187653774433,0.0,0.0,9498800,20131600
2023-04-21,157.83583068847656,38.24239730834961,0.0,0.0,160.04780128223595,38.32799347028554,157.13731210060376,37.95707797790721,159.53361604442867,38.128270301779075,0.0,0.0,7014200,19227100
2023-04-24,158.7962646484375,37.95707702636719,0.0,0.0,158.92239056913922,38.232887277694516,157.04027207641434,37.766862934829994,157.83581280159157,38.223374577700035,0.0,0.0,5278900,17633700
2023-04-25,160.2515106201172,37.405460357666016,0.0,0.0,160.4164513504005,37.96658630734015,159.261955059489,37.35790411349589,159.40747358207787,37.80490668686429,0.0,0.0,6263100,24492400
2023-04-26,157.76791381835938,36.73971176147461,0.0,0.0,159.48510659846315,37.27230685132682,157.39926191788675,36.520966831280745,159.19405471655364,37.24377600809387,0.0,0.0,5518200,22401400
2023-04-27,158.13656616210938,36.844329833984375,0.0,0.0,158.53433653781408,36.92992599204805,157.29252910438035,36.435370815239246,158.03954394244548,36.73019920454483,0.0,0.0,5739700,22434000
2023-04-28,158.81570434570312,36.98698806762695,0.0,0.0,158.87391176601298,37.006009839400214,157.70971894927132,36.73019959073598,157.95225973623894,36.80628667782901,0.0,0.0,6023400,21003600
2023-05-01,158.71868896484375,37.29133224487305,0.0,0.0,159.3978001736422,37.58616428970062,157.39926655767218,36.9584602813841,158.71868896484375,37.091609066779675,0.0,0.0,4893400,23917800
2023-05-02,160.10601806640625,37.14867401123047,0.0,0.0,160.54258850849567,38.15680259219425,158.67987709967034,36.73971495848892,159.4366031468958,37.36741896045907,0.0,0.0,7541700,38834100
2023-05-03,158.01043701171875,36.568519592285156,0.0,0.0,161.22167404997617,37.46252108813586,157.66117775297556,36.48292343421196,160.6104814498096,37.28181970021777,0.0,0.0,5937200,27721900
2023-05-04,157.29254150390625,36.359283447265625,0.0,0.0,158.0395564008593,36.54949753349262,156.4387932748016,36.15956028934165,157.82611934358317,36.302218132987946,0.0,0.0,5128000,23675100
2023-05-05,157.82611083984375,36.606563568115234,0.0,0.0,158.26269603571197,36.61607263999933,156.8656589373641,36.226135388175166,157.9813404737741,36.501945637230115,0.0,0.0,5193700,19221400
2023-05-08,157.4671630859375,36.77775192260742,0.0,0.0,157.719414954482,36.834817237487236,156.52610373832167,36.47341083264568,157.1567186061695,36.64460314925316,0.0,0.0,4994900,20101700
2023-05-09,156.24476623535156,36.59705352783203,0.0,0.0,157.292544133081,36.77775493101815,155.9925143615287,36.51145736252655,156.92387742734832,36.59705352783203,0.0,0.0,5520500,15987900
2023-05-10,156.82684326171875,36.42585754394531,0.0,0.0,157.1373025278663,36.825307484652754,155.28428764226877,36.216625315986086,156.3902728717723,36.77775124244975,0.0,0.0,6756600,15858200
2023-05-11,156.1865692138672,36.12784194946289,0.0,0.41,157.35076202098537,36.19513672827874,154.6343022686998,35.772136784532954,157.00150269849843,36.14706588573279,0.0,0.0,5867600,28566400
2023-05-12,155.98280334472656,35.90672302246094,0.0,0.0,156.73952928777874,36.26242815450468,155.23577370224757,35.791361079055164,156.54549965172913,36.156678178345196,0.0,0.0,3904200,16511600
2023-05-15,154.78952026367188,35.72407150268555,0.0,0.0,156.22535745750596,35.91634388118875,154.19772020080234,35.57986630198549,156.00222409713294,35.85866106745061,0.0,0.0,5104500,16650400
2023-05-16,154.5857696533203,35.579864501953125,0.0,0.0,155.46862154065317,35.80098010978416,153.7999399878859,35.40682340407427,154.31412519621983,35.589480137401644,0.0,0.0,5599200,25451700
2023-05-17,154.2462158203125,35.32991027832031,0.0,0.0,155.28428249965094,35.61831697570572,153.06261581346988,35.09918272003791,155.0223343529531,35.55102220189213,0.0,0.0,6840700,23206400
2023-05-18,153.75144958496094,35.07034683227539,0.0,0.0,154.18802003527819,35.35875355993859,152.85890127663038,34.77232446889213,153.92608664719663,35.29145877906019,0.0,0.0,5173000,27772400
2023-05-19,154.16860961914062,35.349143981933594,0.0,0.0,155.1581652445936,36.19514028527312,153.42157994605273,35.10880441474663,153.85815034593057,35.23378201652526,0.0,0.0,6524000,33061400
2023-05-22,153.33773803710938,37.252628326416016,1.19,0.0,155.5566284005196,37.36799027761782,153.24976815559404,35.329912025697766,154.44229848904232,35.43566200900372,0.0,0.0,5675900,85718600
2023-05-23,153.2790985107422,38.10823440551758,0.0,0.0,154.70623017584902,38.588913454360714,152.84900362769065,36.531607712078504,153.5625769178471,37.06035393234793,0.0,0.0,5793000,75379500
2023-05-24,153.13247680664062,37.137264251708984,0.0,0.0,153.6016644288572,38.58891336213837,152.4091340811857,37.10842101509006,153.54301784048081,38.55045815817319,0.0,0.0,5015100,39326400
2023-05-25,150.9331512451172,36.36817932128906,0.0,0.0,152.77080911398758,37.02189946685006,150.25868559925033,36.19513456687021,152.53622274339506,37.02189946685006,0.0,0.0,6886100,30266600
2023-05-26,150.87449645996094,36.147064208984375,0.0,0.0,151.78354842705866,36.954605184605676,150.72786507109603,36.10861267093782,151.20683707705865,36.57006413310853,0.0,0.0,6845400,20234600
2023-05-30,150.89402770996094,35.579864501953125,0.0,0.0,151.88129496643688,35.91634206413354,149.86768261610334,35.49334211936849,150.5030405232728,35.91634206413354,0.0,0.0,5593100,24371100
2023-05-31,151.56851196289062,36.550838470458984,0.0,0.0,152.18433102725737,36.743110840057966,150.3857658825245,35.44527509573267,151.21661748542488,35.66638703721985,0.0,0.0,11324600,46166300
2023-06-01,151.06021118164062,36.550838470458984,0.0,0.0,151.54895266521876,36.733495204568285,149.70151045390165,36.24320414601679,151.06021118164062,36.64697282161326,0.0,0.0,7901300,20256100
2023-06-02,153.43548583984375,36.8776969909668,0.0,0.0,153.76782643283812,37.166103685070304,150.62033042811547,36.68542463913443,151.23614940323222,36.771947014094486,0.0,0.0,7657200,22721600
2023-06-05,154.75509643554688,37.156494140625,0.0,0.0,155.0678832006635,37.512195630970574,153.22044115747818,36.98344937942114,153.22044115747818,36.99306134735899,0.0,0.0,6430500,18392200
2023-06-06,154.61825561523438,36.88731002807617,0.0,0.0,156.01606407772687,37.35837712036276,153.8558200594047,36.81040328548684,155.98674078059548,37.310309947833154,0.0,0.0,5073600,19508200
2023-06-07,154.95059204101562,37.38721466064453,0.0,0.0,155.22428605724997,37.55064743912054,153.89490872902383,36.656584142906475,154.54005101666414,36.8680804240125,0.0,0.0,6504300,25295100
2023-06-08,156.6514129638672,37.579490661621094,0.0,0.0,156.8078138162818,37.67562501080864,154.26636708297266,37.23340113688138,154.93104833292534,37.531423487027325,0.0,0.0,5818400,17347600
2023-06-09,156.40704345703125,37.46413040161133,0.0,0.0,157.11083238323374,38.06017146153952,155.87920921998258,37.36799238079032,156.80781505129778,37.76214909793016,0.0,0.0,6264400,19775100
2023-06-12,156.2995147705078,38.35818862915039,0.0,0.0,156.6416397625927,38.521617741472234,155.15586153055258,37.48335292828226,156.39726902973374,37.50257686255188,0.0,0.0,6510600,28334600
2023-06-13,157.12060546875,38.72350311279297,0.0,0.0,157.21834480885124,38.81002548852552,155.56639633452627,37.92557779640621,156.13333820185235,38.137074084749024,0.0,0.0,6066800,26533800
2023-06-14,157.92214965820312,37.83905792236328,0.0,0.0,158.43044498984113,38.781188483022305,157.35520773353127,37.80060271565303,157.96125733036354,38.76196087966718,0.0,0.0,6699100,22056400
2023-06-15,160.04327392578125,38.213985443115234,0.0,0.0,160.21922860685993,38.29089585336294,157.79506023221248,37.76214595113547,158.40110978347718,37.887123534142894,0.0,0.0,7138300,19905900
2023-06-16,160.5320281982422,38.51200485229492,0.0,0.0,161.27492482066347,38.800411534204414,160.18013372320232,38.310116874397345,160.776398947153,38.319732508591954,0.0,0.0,13425100,60325100
2023-06-20,160.4342803955078,37.81983184814453,0.0,0.0,161.58770311030088,38.32935052214004,160.12147869408227,37.81021987972352,160.56134303590665,38.17553335637024,0.0,0.0,7995800,26881200
2023-06-21,160.1898956298828,37.39683532714844,0.0,0.0,161.20647124007104,37.723697260793244,159.0266886417912,37.26224209905547,159.89664778928082,37.68524205276668,0.0,0.0,7177500,17982900
2023-06-22,161.89071655273438,37.2333984375,0.0,0.0,161.9884708108862,37.48335359493069,160.10192101803682,36.925764141654604,160.20944473592155,37.435282756531656,0.0,0.0,5485900,18039800
2023-06-23,161.75387573242188,36.82001495361328,0.0,0.0,162.5260956218473,37.367988784032434,161.3140113843119,36.80078735129978,162.3696947688996,37.214171632814605,0.0,0.0,9450700,23492200
2023-06-26,159.94554138183594,35.464500427246094,0.0,0.0,161.26513442759153,35.61831757961228,157.6973275927039,34.76270944036973,161.26513442759153,35.5894780095718,0.0,0.0,6978800,56135500
2023-06-27,159.61318969726562,35.01266098022461,0.0,0.0,160.18991599266943,35.57025045028513,158.7823381110172,34.878071430152126,159.9944074639459,35.53179524532436,0.0,0.0,4927500,32414900
2023-06-28,159.29061889648438,34.88768768310547,0.0,0.0,159.5252052452063,35.1280272174328,158.26425887521012,34.6377325137225,159.5252052452063,35.089572011790764,0.0,0.0,6780400,30062000
2023-06-29,160.4049530029297,34.72425842285156,0.0,0.0,160.62000043836494,34.82039644673007,158.57704980172994,34.37816887147018,158.97782137824163,34.59928449274545,0.0,0.0,4547500,26284900
2023-06-30,161.79296875,35.26261520385742,0.0,0.0,162.2035097654012,35.32990997709725,160.6493155824099,34.743480952615755,161.1478264764246,34.81077572585559,0.0,0.0,7580000,30853900
2023-07-03,159.6718292236328,35.23377990722656,0.0,0.0,160.68840482309676,35.32030229292577,159.29061150943326,34.94536951003552,160.6395276976446,35.08957470863104,0.0,0.0,4033700,14115800
2023-07-05,159.14398193359375,35.051116943359375,0.0,0.0,160.22898850400716,35.58947882258456,159.06578151502646,34.98382216686751,159.31993660417135,35.16648256073709,0.0,0.0,7224600,26829400
2023-07-06,157.96124267578125,34.25319290161133,0.0,0.0,158.71389377016547,34.86846154863248,157.3747469694403,34.243577266150766,158.59660059497944,34.801166769570195,0.0,0.0,6332500,30177300
2023-07-07,155.66415405273438,34.15705490112305,0.0,0.0,157.41384190608406,34.38778247752051,155.6152769239938,33.98401013564755,156.8566844010173,34.147442932947925,0.0,0.0,7021700,22883300
2023-07-10,155.9182891845703,34.3012580871582,0.0,0.0,156.69050901409412,34.618504360434834,155.41977828407636,34.166668536841435,155.84008876416252,34.19550810696926,0.0,0.0,5739200,17777500
2023-07-11,155.05812072753906,34.628116607666016,0.0,0.0,156.69051541785245,34.64734420830026,154.05131451084998,34.24357192956084,155.54686218865825,34.26279953019508,0.0,0.0,6607000,17731300
2023-07-12,154.5205078125,34.599281311035156,0.0,0.0,155.36114375310814,34.849232815552774,154.32501420391338,34.53198286686357,155.36114375310814,34.801165641679034,0.0,0.0,6940400,17229700
2023-07-13,155.2340545654297,34.66657638549805,0.0,0.0,155.54685624789795,34.95498309850649,153.86558449264388,34.53198316328981,154.44229581508895,34.61850554392137,0.0,0.0,6401700,16664400
2023-07-14,156.2701873779297,34.916526794433594,0.0,0.0,156.62208182062713,35.07995958261748,155.40022818837284,34.618504455563105,155.59572178649245,34.89729919186548,0.0,0.0,5361700,17909900
2023-07-17,155.48822021484375,34.47430419921875,0.0,0.0,156.27019464367987,34.724255707173675,154.58892277431113,34.39739378613087,156.15290146239568,34.724255707173675,0.0,0.0,5486800,20557300
2023-07-18,155.47842407226562,34.83961868286133,0.0,0.0,157.26721952749585,35.070342570034875,154.6280187419056,34.49352918481094,155.48820844676956,34.53198072114649,0.0,0.0,6332500,22817300
2023-07-19,155.16563415527344,35.03188705444336,0.0,0.0,156.79802873732922,35.28184220849388,153.78737974667143,34.810775136500226,154.35432159379576,34.93575271352549,0.0,0.0,7522600,18589700
2023-07-20,164.5885772705078,35.349143981933594,0.0,0.0,165.33145891313862,35.6375507290998,157.66799647318044,34.954987238438605,158.29358493939733,34.993442449338296,0.0,0.0,21892900,22358400
2023-07-21,166.35781860351562,35.954795837402344,0.0,0.0,166.97363760880845,35.98363540801691,164.39306841146916,35.37797875407921,164.39306841146916,35.37797875407921,0.0,0.0,12076500,24142000
2023-07-24,167.227783203125,36.060543060302734,0.0,0.0,169.90609182880937,36.339337807566096,167.13981331815438,35.92595350432466,167.6383242481938,35.96440871097278,0.0,0.0,15155400,19414700
2023-07-25,168.50828552246094,35.627933502197266,0.0,0.0,168.79174901589025,36.262429719242895,165.92773112542488,35.618317867246,166.61196620888023,35.954795412026236,0.0,0.0,13790100,21771000
2023-07-26,168.8308563232422,35.77213668823242,0.0,0.0,169.93541682964758,35.9067262455018,167.5405716698972,35.339524777516296,168.12706740600058,35.44527476316806,0.0,0.0,14288200,20983700
2023-07-27,169.77902221679688,35.18889617919922,0.0,0.41,170.3655030592453,35.97626964312303,168.16616634084863,35.16945435552658,168.30301336227393,35.82073876189066,0.0,0.0,12446400,25346300
2023-07-28,170.5512237548828,35.062522888183594,0.0,0.0,171.4114135379472,35.43191008699292,169.32937004721475,35.013920187638554,170.08203610739608,35.33470097775449,0.0,0.0,14138800,24054100
2023-07-31,163.75772094726562,35.05280685424805,0.0,0.0,166.3871525258308,35.17917314493316,162.95619266690966,34.91671408957775,165.8690877443893,35.169454087245335,0.0,0.0,22632700,40265200
2023-08-01,165.0870819091797,34.61537551879883,0.0,0.0,165.28257550083913,35.888783455957096,162.32080358734385,34.38207734180146,162.62382089169674,34.87783457736509,0.0,0.0,15810300,40931600
2023-08-02,166.08412170410156,34.362632751464844,0.0,0.0,167.3841757398536,34.887550826335634,165.0479922253592,34.294588227849935,165.0479922253592,34.634814554072896,0.0,0.0,14595600,34301600
2023-08-03,166.79769897460938,34.02241134643555,0.0,0.0,167.4623951723151,34.294589450599496,165.84953926882787,33.94464405487525,166.1232333163517,34.19738404429767,0.0,0.0,17424800,25676500
2023-08-04,165.2336883544922,34.04185485839844,0.0,0.0,168.7917252016757,34.35291662377665,164.10958908421108,33.69190944531076,166.50441899603004,33.97381032898125,0.0,0.0,23414300,25737500
2023-08-07,169.2023162841797,34.68341827392578,0.0,0.0,169.43690266263164,34.848668205229075,165.5465244294961,33.925205726725196,165.673601994629,34.03213018972516,0.0,0.0,17736400,31069100
2023-08-08,169.28050231933594,34.644535064697266,0.0,0.0,169.64218117923716,35.35414491798938,167.53081427545155,34.401517839262354,169.09479307422768,35.35414491798938,0.0,0.0,27378700,25225500
2023-08-09,169.17298889160156,34.838951110839844,0.0,0.0,170.3264116649545,35.05280746518609,168.17595206169514,34.51816657932048,169.10455792273817,34.60565293263042,0.0,0.0,42974400,17210500
2023-08-10,168.29324340820312,34.7223014831543,0.0,0.0,172.00768172697371,35.08196592946741,167.77517862038374,34.60565054801343,170.08203905707649,34.81950688762319,0.0,0.0,48213800,18955200
2023-08-11,169.93540954589844,35.03336715698242,0.0,0.0,170.03314888758894,35.266661637136195,167.7556119218024,34.59593537150797,168.59624781940943,34.62509625448997,0.0,0.0,45904100,16604800
2023-08-14,169.53463745117188,35.062522888183594,0.0,0.0,171.64600410588943,35.49023184438763,167.88268895507912,34.81950567731005,169.61283787340645,34.81950567731005,0.0,0.0,64036900,20295500
2023-08-15,169.0458984375,34.401519775390625,0.0,0.0,170.62941599378146,34.90699607772144,168.2639091190775,34.3723588933048,168.9090514254165,34.87783519563561,0.0,0.0,88958100,20484300
2023-08-16,168.50828552246094,34.4890022277832,0.0,0.0,170.79559205081435,34.65425585992028,168.25414532437927,34.012690569575916,168.645132539152,34.15849867165742,0.0,0.0,85832700,22215600
2023-08-17,170.09181213378906,35.490234375,0.0,0.0,171.44074345199465,35.69437166488243,168.86995837895267,34.59593275512886,168.96771264542238,34.60565181267153,0.0,0.0,70904200,31113600
2023-08-18,168.60604858398438,35.636043548583984,0.0,0.0,170.07227308871953,35.82073529336724,167.45261088435177,35.30553999444928,169.27072986683163,35.431909982010644,0.0,0.0,49617200,24141400
2023-08-21,163.58177185058594,35.97626876831055,0.0,0.0,166.02547913897112,36.15124146896085,162.22307119485203,35.61660430948431,165.8690782928651,35.68464883660958,0.0,0.0,151319500,28496500
2023-08-22,162.28172302246094,35.81101989746094,0.0,0.0,164.06073422993222,36.112362603790565,161.68545782823685,34.72230372295672,163.1028051182169,35.9762698373474,0.0,0.0,56835400,18536900
2023-08-23,160.8252716064453,35.636043548583984,0.0,0.0,162.7509142475153,36.09291709028005,159.78914204631758,35.538838147781924,162.16441850036063,36.05403344669988,0.0,0.0,119011400,19370900
2023-08-24,161.37265014648438,35.15000915527344,0.0,0.0,162.91707493520232,35.616601754148725,160.17035034259084,35.05280375439672,160.3365206475838,35.46107088785696,0.0,0.0,70755100,19380800
2023-08-25,163.6864013671875,35.36386489868164,1.19,0.0,165.19280734781483,35.665203861275536,161.53016907474154,34.95559406386487,161.76647364908368,35.13056674905087,0.0,0.0,18185500,16421300
2023-08-28,161.75662231445312,35.198612213134766,0.0,0.0,163.64702890986763,35.49995489194993,160.65389765337528,35.02363952326124,162.45568064149145,35.42218760394019,0.0,0.0,18458000,15101900
2023-08-29,161.77633666992188,35.14029312133789,0.0,0.0,163.1252064563464,35.908224753880226,160.26009008706865,34.99448129933121,162.32769906368668,35.247217588240964,0.0,0.0,12208600,21076500
2023-08-30,161.2052764892578,34.89727783203125,0.0,0.0,163.27290046397357,35.23750049144775,161.15604448538397,34.81951053379383,162.56400167398522,35.169455959564445,0.0,0.0,9939100,16833000
2023-08-31,159.18687438964844,34.39179992675781,0.0,0.0,161.04774486258782,34.98476256986292,158.79304843071256,34.39179992675781,160.85081685962257,34.93615615663893,0.0,0.0,15333000,27919500
2023-09-01,158.00538635253906,34.78062438964844,0.0,0.0,159.9745462548212,35.05280620580525,157.54263257362294,34.60565168931499,158.9308939103713,34.644535335644335,0.0,0.0,8609500,17519900
2023-09-05,158.20230102539062,34.39179992675781,0.0,0.0,159.47241758906793,35.276382508463335,157.80847505013293,34.36263533719368,158.0841562375129,34.95559798029878,0.0,0.0,9019800,25856100
2023-09-06,155.57347106933594,33.41000747680664,0.0,0.0,157.53279056038994,34.294590038656146,154.9236597261325,33.30307930315198,157.3752541641901,34.2751482154327,0.0,0.0,9753800,35370200
2023-09-07,157.56231689453125,33.3225212097168,0.0,0.0,158.57643296840794,33.67246661231687,156.52850501648797,33.08922674674917,156.6860414028272,33.50721667672718,0.0,0.0,9931800,26777700
2023-09-08,158.0841522216797,33.293357849121094,0.0,0.0,158.20229700655617,33.429446893740774,156.73528251601473,33.098943339029404,157.12910848126802,33.27391602729709,0.0,0.0,6957000,19467700
2023-09-11,160.15176391601562,32.99201583862305,0.0,0.0,160.18130010998806,33.34196122221791,157.9758358112352,32.603190518744206,158.57643012783552,33.28363946371772,0.0,0.0,6309300,27574400
2023-09-12,161.05758666992188,33.1961555480957,0.0,0.0,161.4021806311473,33.2544773108656,159.03919480975375,32.80732649160242,159.7185573648662,33.021182843488596,0.0,0.0,6045800,17987200
2023-09-13,161.46127319335938,33.128108978271484,0.0,0.0,162.40646154264644,33.65302335160196,160.48653362362776,33.050341688504915,161.23480898543818,33.25447526191946,0.0,0.0,7397500,23853300
2023-09-14,161.21511840820312,33.1961555480957,0.0,0.0,162.72152445494683,33.419730957727296,160.91974143318538,33.03090190123401,162.14061089546306,33.28364190039926,0.0,0.0,7758400,23759900
2023-09-15,158.96043395996094,33.11838912963867,0.0,0.0,162.2784786917087,33.45861178195889,158.7241443809984,32.86565283193634,161.45142009484536,33.108670071636155,0.0,0.0,13388900,57959000
2023-09-18,159.96470642089844,32.70039749145508,0.0,0.0,160.63421357872718,33.16699012259747,158.27122769715788,32.5059829681086,159.62009742739974,33.16699012259747,0.0,0.0,5789000,25421900
2023-09-19,159.69886779785156,33.040626525878906,0.0,0.0,160.33885379112215,33.06006464246326,158.89152003634618,32.583752915019474,159.748099800949,32.61291379804492,0.0,0.0,5550800,30323300
2023-09-20,160.39791870117188,32.68095779418945,0.0,0.0,161.0181938360634,33.13783139755085,159.1671937986526,32.61291326281421,159.68901995544098,33.12811233941817,0.0,0.0,3837400,24651400
2023-09-21,159.1671905517578,31.93246078491211,0.0,0.0,160.97881396567104,32.651793377789566,159.09826274734408,31.913022670750525,160.06316186815405,32.535146152077814,0.0,0.0,4526700,26980600
2023-09-22,158.02508544921875,31.776931762695312,0.0,0.0,158.91120141430113,32.165760815213005,157.7789404563072,31.592240002231172,158.81275243123537,32.15604175756696,0.0,0.0,4976700,28570800
2023-09-25,157.78878784179688,32.058834075927734,0.0,0.0,157.8872518527253,32.058834075927734,156.2823816202842,31.504755061575512,157.60173025863088,31.776933185636583,0.0,0.0,6722500,19443700
2023-09-26,156.56790161132812,31.495033264160156,0.0,0.0,157.61155391294548,32.039389464935994,156.41036521997154,31.456149618919454,157.34571313046837,31.806095009788777,0.0,0.0,4904800,26015500
2023-09-27,154.68734741210938,31.203411102294922,0.0,0.0,156.3118982242906,31.59224015671395,152.8658686027573,31.008998429159746,156.1346810550331,31.524195628412922,0.0,0.0,10211600,26430100
2023-09-28,154.46090698242188,31.193689346313477,0.0,0.0,155.52425512861802,31.417264735412868,153.8110806113857,30.8826276129449,155.07134174239647,31.164528467606534,0.0,0.0,7861900,28197600
2023-09-29,153.34832763671875,32.24352264404297,0.0,0.0,155.16980655865675,32.30184811118737,152.9545016650284,31.397823765265745,154.94334235261186,31.44642646714518,0.0,0.0,7679900,42397800
2023-10-02,152.757568359375,32.99201583862305,0.0,0.0,153.02340914397274,33.011457660839255,150.9558003290384,31.844974284905863,153.02340914397274,32.02966974188561,0.0,0.0,7259700,44620600
2023-10-03,152.94464111328125,32.9531364440918,0.0,0.0,153.10217750606512,33.157270018495296,151.51700323448364,32.76844098407564,152.29481476067082,32.8948109764843,0.0,0.0,5740800,31059900
2023-10-04,153.1218719482422,32.379615783691406,0.0,0.0,153.52553829384937,33.128109267562756,152.1865240375958,32.087992152668626,153.17110394848612,32.99201650928283,0.0,0.0,4955200,23722300
2023-10-05,154.71688842773438,32.53514862060547,0.0,0.0,155.60300434862566,32.836487618903256,153.66339572283016,32.126877737415064,153.86030870263963,32.51570679682033,0.0,0.0,5993300,21279400
2023-10-06,155.20916748046875,32.20464324951172,0.0,0.0,155.858993789316,32.62263316737788,154.17535562975655,32.14631778138556,154.6578051663546,32.583749521960435,0.0,0.0,5801100,23750600
2023-10-09,156.0952911376953,32.27268981933594,0.0,0.0,156.43005972241525,32.53514888030718,154.66765328371773,31.854699874990853,154.75626186930668,32.13660075990242,0.0,0.0,4414100,17468100
2023-10-10,155.91807556152344,32.24352264404297,0.0,0.0,156.81404688763593,32.4671017473556,155.46516219138505,32.087991773139706,155.9377713663548,32.156040005549066,0.0,0.0,5273500,19212100
2023-10-11,153.7716827392578,32.185203552246094,0.0,0.0,156.59743728970915,32.399059908016106,153.63384215315023,31.903302666576305,156.01653874993409,32.31157355412372,0.0,0.0,6922900,24221200
2023-10-12,153.91937255859375,32.00050735473633,0.0,0.0,154.145821721642,32.292130999882076,152.67880733344234,31.854699240312137,153.51569120709732,32.18520282441513,0.0,0.0,5792400,21809900
2023-10-13,154.43138122558594,31.213132858276367,0.0,0.0,154.93351162433237,32.06855452543295,153.64371420958273,31.125646509270027,154.31322140791127,32.01994811409166,0.0,0.0,5359800,32388100
2023-10-16,155.1008758544922,32.34073257446289,0.0,0.0,155.80977460909585,32.972575131183774,154.4215132960389,31.650564549121448,155.38641244860904,31.91302359569113,0.0,0.0,6408100,63317400
2023-10-17,153.68307495117188,31.835256576538086,0.0,0.0,156.49897410213086,32.26296555896877,152.22590088711183,31.300619421462585,153.57477055984663,32.078273802313184,0.0,0.0,12244400,40015800
2023-10-18,150.37489318847656,30.532684326171875,0.0,0.0,153.54524186375443,31.767212287310556,149.7053860264914,30.513242502986785,153.0135752953249,31.631123233163535,0.0,0.0,9097300,30307600
2023-10-19,149.97122192382812,30.318830490112305,0.0,0.0,150.74903345702202,30.620171339711504,147.83467025825652,30.046650521848104,149.33123595619003,30.503522252148464,0.0,0.0,7733800,26880300
2023-10-20,150.64073181152344,29.79391098022461,0.0,0.0,151.49731155744226,30.24106363183028,149.9810650502012,29.6286591954686,150.38474643389767,30.19245907509365,0.0,0.0,7206600,39378900
2023-10-23,149.05555725097656,29.97860336303711,0.0,0.0,151.13302153556495,30.513240486780038,148.87834007218117,29.677262539876956,150.50289097179632,29.910558840459736,0.0,0.0,5874000,29412100
2023-10-24,148.8980255126953,29.58005714416504,0.0,0.0,149.61677971184682,30.163298859327842,147.81499655356666,29.47312897106414,148.4254313309573,30.017487039981415,0.0,0.0,6155300,26923800
2023-10-25,149.2327880859375,29.871675491333008,0.0,0.0,149.82352703334055,30.134134527355524,147.91343955405915,29.375920152426318,148.90787490429193,29.609216455310488,0.0,0.0,5880800,28857900
2023-10-26,146.70240783691406,30.2896671295166,0.0,0.0,149.62661139634844,30.49380256501993,146.58426305422896,29.648101796347806,149.62661139634844,29.755029969900708,0.0,0.0,7612500,27162700
2023-10-27,143.35484313964844,29.268993377685547,0.0,0.0,146.36765530744492,30.26050218579507,142.71485717407566,29.1815070337238,146.20027852295595,30.19245766361908,0.0,0.0,11385800,33877100
2023-10-30,144.76278686523438,29.69670295715332,0.0,0.0,144.96955526224335,29.823072947344595,143.74867073249453,29.268993993315412,143.83727932114226,29.395362129432474,0.0,0.0,8205300,33063500
2023-10-31,146.05258178710938,29.706424713134766,0.0,0.0,146.24949476649073,29.95916284663126,144.3787989271218,28.87044672980327,145.2649148460866,29.44396752233872,0.0,0.0,7576900,42648200
2023-11-01,146.39718627929688,29.657821655273438,0.0,0.0,147.45067894960474,30.21190061842776,146.17073711112738,29.61893801024368,146.88947622440259,29.70642435748639,0.0,0.0,5733000,23568300
2023-11-02,147.9232940673828,29.648101806640625,0.0,0.0,148.08081543829888,29.793911772579733,145.2649162380211,29.366200932293946,145.43230804677142,29.657822718246475,0.0,0.0,5349100,29640900
2023-11-03,149.00633239746094,30.38687515258789,0.0,0.0,149.92199960232506,30.51324329843666,147.83467980311252,29.978606125429344,148.878347214468,30.03692974243075,0.0,0.0,4925500,28062100
2023-11-06,149.36077880859375,30.30910873413086,0.0,0.0,150.0795179818673,30.53268413715239,149.03586561488152,30.095252388567395,149.43954700920563,30.44519778743539,0.0,0.0,4851400,27381200
2023-11-07,148.57310485839844,30.377153396606445,0.0,0.0,149.90229376820514,30.513242450519467,148.35649607274848,30.02720799617376,149.58722098053343,30.211901607965935,0.0,0.0,4840400,18086400
2023-11-08,148.03160095214844,29.959163665771484,0.0,0.0,149.48877506625593,30.42575630002672,148.02174553764578,29.696704613725046,149.01618089855847,30.056370928093237,0.0,0.0,5460000,29398300
2023-11-09,145.1467742919922,29.239986419677734,0.0,0.41,148.17928233800836,30.057681374123757,144.98923789449836,29.1907265555113,148.17928233800836,30.037977428457182,0.0,0.0,6973600,28737700
2023-11-10,144.97940063476562,29.042949676513672,0.0,0.0,146.2101255977093,29.3779092245106,143.39422628155424,28.599622189391823,145.96398060512058,29.308947296229753,0.0,0.0,6930700,33844100
2023-11-13,145.35354614257812,28.550363540649414,0.0,0.0,145.61937191822514,28.924730994476082,144.38864695264346,28.5011055552325,144.97940094552192,28.90502704868064,0.0,0.0,5889300,35519900
2023-11-14,145.38307189941406,28.82621192932129,0.0,0.0,146.24949199698423,29.269539416598917,144.70370936344065,28.560214309511743,145.36337609479972,28.658732155263976,0.0,0.0,6713600,40084300
2023-11-15,146.5054931640625,29.7424259185791,0.0,0.0,147.1159278988741,29.900053726610114,144.99908710825525,28.776953245549528,145.07785530363373,28.776953245549528,0.0,0.0,6729100,43614600
2023-11-16,147.78546142578125,29.328651428222656,0.0,0.0,147.85437421235727,29.998570528488727,146.34796804057248,29.033097889185,147.19470742670953,29.821238780880456,0.0,0.0,6875600,32407200
2023-11-17,147.480224609375,29.47642707824707,0.0,0.0,148.46480456277453,29.565092951509886,146.77134086454535,29.299095331721443,148.22851498899726,29.47642707824707,0.0,0.0,7023300,27009200
2023-11-20,148.78036499023438,29.535537719726562,1.19,0.0,149.26666292987207,29.69316552494828,146.4282136984286,29.318799957314614,146.79543588135942,29.456723817115705,0.0,0.0,8851700,26335700
2023-11-21,149.98123168945312,29.850793838500977,0.0,0.0,150.14994883865364,29.909905675769487,148.48261573327906,29.318800456586246,148.96892879424996,29.57494611420137,0.0,0.0,5916300,25988700
2023-11-22,149.68350219726562,29.87049674987793,0.0,0.0,150.89429494718397,30.12664239862304,149.25673459022838,29.693165002356572,150.48739601409133,29.939458678564762,0.0,0.0,4633500,19226800
2023-11-24,151.35084533691406,30.047828674316406,0.0,0.0,151.52948168861207,30.244864368071728,149.72320406494478,29.929606882248887,149.72320406494478,29.929606882248887,0.0,0.0,3351400,11129700
2023-11-27,150.14002990722656,29.693164825439453,0.0,0.0,151.17220147847402,30.29412199310975,149.83236833204148,29.58479688632223,151.14241361086283,30.29412199310975,0.0,0.0,6449700,26066700
2023-11-28,150.48739624023438,29.24983787536621,0.0,0.0,150.6660325803279,29.66361133169024,149.7033408085623,29.200578012070704,150.25911850281744,29.66361133169024,0.0,0.0,5909000,29497700
2023-11-29,150.96377563476562,29.634056091308594,0.0,0.0,151.05309380521302,29.77197995354641,149.93161921849162,29.28924455664236,150.18965453660851,29.328652448179845,0.0,0.0,5190000,26185200
2023-11-30,153.49456787109375,30.018272399902344,0.0,0.0,153.97094660531093,30.05768028981388,150.77520960664881,29.515833077959936,151.11264391239402,29.860644598399425,0.0,0.0,12481900,45356600
2023-12-01,157.18653869628906,28.481401443481445,0.0,0.0,157.26593767674848,28.964136838226864,154.2984632502822,27.88044425372391,155.26115506561783,28.54051140145166,0.0,0.0,10342500,103542800
2023-12-04,157.68276977539062,28.845916748046875,0.0,0.0,158.81417873672976,29.200578372797576,156.80939614074043,28.589771092960902,156.80939614074043,28.589771092960902,0.0,0.0,8920300,47410400
2023-12-05,157.35525512695312,28.658733367919922,0.0,0.0,158.42711864251362,29.16117271135191,157.02774001299238,28.639029422121407,157.6033712608197,28.77695328456763,0.0,0.0,7268200,39853000
2023-12-06,155.43978881835938,28.36318016052246,0.0,0.0,157.46442492675052,28.964135442244103,154.99318281156354,28.29421635396409,157.32548049921834,28.658731815200543,0.0,0.0,6642900,33410500
2023-12-07,154.22898864746094,28.205551147460938,0.0,0.0,155.40010471884244,28.47154877039231,153.5442008126194,28.077479261830078,155.40010471884244,28.392734868679863,0.0,0.0,6532400,35782900
2023-12-08,153.25637817382812,28.353328704833984,0.0,0.0,154.6756103938176,28.540510545974335,152.68074690187086,28.166144984622004,154.24884275089772,28.225254940820452,0.0,0.0,6253700,31881700
2023-12-11,153.8915557861328,28.215402603149414,0.0,0.0,154.30838909365235,28.382882376104067,153.18691441287635,28.0183687920138,153.33577804277343,28.35332833792311,0.0,0.0,6090400,37833900
2023-12-12,153.9014892578125,28.156293869018555,0.0,0.0,154.14960540211635,28.432143471459547,152.49217623161599,27.929704130801856,153.83200946837977,28.195701760397988,0.0,0.0,5324400,48587500
2023-12-13,154.6160430908203,26.26475715637207,0.0,0.0,154.76492185720664,26.333719084207818,150.62634656762364,25.378100308779487,152.50210393115847,25.89039159994733,0.0,0.0,10764600,158100700
2023-12-14,155.6879119873047,25.74261474609375,0.0,0.0,155.97573519265148,26.91497319537708,153.881634347731,25.624394831334225,155.29093221749721,26.363275875332082,0.0,0.0,9240700,101889800
2023-12-15,153.9907989501953,26.23520278930664,0.0,0.0,155.50926845816096,26.589866300928605,152.6013395323699,25.693357427947944,154.3183140598869,25.742615413863568,0.0,0.0,21712500,138338500
2023-12-18,154.26869201660156,26.65882682800293,0.0,0.0,155.2611565662258,26.895268530267266,153.59380824807732,26.323867280027212,154.040429410454,26.520902971449967,0.0,0.0,7231400,63329400
2023-12-19,155.281005859375,27.74251937866211,0.0,0.0,155.32069777700147,27.82133327943387,153.77245554485324,26.865714497692327,154.12974337871873,26.87556647017275,0.0,0.0,6651500,70094700
2023-12-20,152.11505126953125,27.22037696838379,0.0,0.0,155.47950560883802,27.841038100684212,151.95625330132728,27.200674901874443,155.3603995607812,27.772076170222316,0.0,0.0,7008300,56184300
2023-12-21,153.67320251464844,27.890295028686523,0.0,0.0,153.96102570574115,27.939554890772413,152.14481381839286,27.3681536440773,152.53187437511912,27.44696754434312,0.0,0.0,4598600,51056600
2023-12-22,154.28854370117188,27.978961944580078,0.0,0.0,155.35047288177978,28.363181366889442,153.85185688155477,27.76222418053578,154.08011948497025,28.018369835718136,0.0,0.0,3798500,35087200
2023-12-26,154.96340942382812,27.988813400268555,0.0,0.0,155.17183363613736,28.107035192426892,153.68313685732113,27.83118559677186,153.83200047768005,28.00851734547355,0.0,0.0,4170000,30119100
2023-12-27,155.17184448242188,28.185850143432617,0.0,0.0,155.34056164522397,28.304070060920218,154.24884454025994,27.8902965915702,154.3282435246035,28.047924400934804,0.0,0.0,5288100,35000700
2023-12-28,155.4001007080078,28.36318016052246,0.0,0.0,156.05513094405364,28.599621860079246,154.81455025933377,28.156292498990528,154.82446945304093,28.185848416086973,0.0,0.0,4377500,30472900
2023-12-29,155.55889892578125,28.36318016052246,0.0,0.0,155.71768174439285,28.44199406037472,154.8046161761955,28.116886488600194,155.3306211758765,28.35332818815698,0.0,0.0,4311100,30342500
2024-01-02,158.76455688476562,29.289243698120117,0.0,0.0,160.42197088281378,29.831090916447845,155.6085117089858,28.40258683430486,155.74745614164232,28.451844818211182,0.0,0.0,9622100,57948700
2024-01-03,159.75701904296875,29.289243698120117,0.0,0.0,160.22347859068992,29.594649211368555,158.59583734240977,28.973988091347728,159.4295039258151,29.555241320986188,0.0,0.0,8232000,43426500
2024-01-04,159.41958618164062,28.658733367919922,0.0,0.0,160.75940424347982,29.505984246539157,159.21116196199063,28.59962340959607,160.37234367310754,29.34835643829442,0.0,0.0,6766600,45558200
2024-01-05,159.9158172607422,29.033098220825195,0.0,0.0,160.12422633502362,29.052802166133773,158.26832247865545,28.323773101361247,159.29055975028353,28.589770725812095,0.0,0.0,5602500,33592600
2024-01-08,160.3127899169922,29.141468048095703,0.0,0.0,160.4418151483672,29.239985895591097,158.40725988897742,28.737546564529076,159.8860374498387,28.924730286863156,0.0,0.0,6569800,32972100
2024-01-09,160.41204833984375,28.964136123657227,0.0,0.0,162.049608772235,29.417317467773014,159.3898110758262,28.885322221950783,160.41204833984375,29.16117181745916,0.0,0.0,6357000,39856900
2024-01-10,160.65023803710938,28.56021499633789,0.0,0.0,161.39458647821857,28.954284509751933,159.98528858030878,28.451845175497155,160.60062692274835,28.92473047066567,0.0,0.0,4945100,37413300
2024-01-11,159.93565368652344,27.978961944580078,0.0,0.0,160.97774447657088,28.491253254944784,159.56844665475515,27.850890056524737,160.84873438486707,28.402587378955825,0.0,0.0,4946000,46884700
2024-01-12,161.16632080078125,28.27451515197754,0.0,0.0,161.2457197835811,28.510956858756668,160.47159863104176,28.01836949986557,160.62046225891183,28.03807156612676,0.0,0.0,4496500,30349700
2024-01-16,159.31040954589844,27.900148391723633,0.0,0.0,161.02736893121653,28.29421791269425,158.97296009862922,27.801630541713052,160.3525003242917,28.175997995938914,0.0,0.0,6923200,38826000
2024-01-17,159.22108459472656,27.732667922973633,0.0,0.0,160.08453907328905,28.107035367919455,158.6653068553989,27.515930161580336,159.04244824014594,27.742519895637642,0.0,0.0,5072100,33312600
2024-01-18,159.99520874023438,27.67355728149414,0.0,0.0,160.1539915509732,27.71296329210374,158.48665845966724,27.19082190732903,158.79432003171965,27.624299298464244,0.0,0.0,5368500,50321100
2024-01-19,160.46165466308594,27.860742568969727,0.0,0.0,160.69985159719,27.959258540579768,159.0722104069955,27.515931031119443,159.93564968443695,27.6144488818012,0.0,0.0,7055800,35313100
2024-01-22,161.24571228027344,27.890295028686523,0.0,0.0,162.34734850667158,28.19570053640424,160.12422252314732,27.515929472191765,160.77925274290985,27.9001470011037,0.0,0.0,6824200,41663900
2024-01-23,158.6057586669922,28.00851821899414,0.0,0.0,159.3004808291637,28.22525598579373,155.7276175049356,27.732668614736,158.45689504074377,28.018370191903898,0.0,0.0,9149800,33466700
2024-01-24,157.76217651367188,27.90999984741211,0.0,0.0,159.38981782132325,28.353329224708222,156.96820181983537,27.90999984741211,158.54621686965802,28.116887516507518,0.0,0.0,7247900,42720700
2024-01-25,158.35763549804688,27.469999313354492,0.0,0.42,158.41718094590308,27.920000076293945,157.2758528118413,27.450000762939453,157.80185779298006,27.81999969482422,0.0,0.0,5478900,47605500
2024-01-26,158.298095703125,27.469999313354492,0.0,0.0,159.52875719672554,27.90999984741211,158.1591512718965,27.360000610351562,159.22108046546998,27.6299991607666,0.0,0.0,5591900,47073800
2024-01-29,158.15914916992188,27.479999542236328,0.0,0.0,158.8638056542346,27.6299991607666,157.76216941277556,27.309999465942383,157.8117805245636,27.520000457763672,0.0,0.0,6483200,67082700
2024-01-30,157.57359313964844,27.020000457763672,0.0,0.0,158.55612330407376,28.3700008392334,156.9384164644559,26.950000762939453,158.14922436776143,27.889999389648438,0.0,0.0,7200500,86072400
2024-01-31,157.70260620117188,27.079999923706055,0.0,0.0,159.40964638740869,27.510000228881836,157.47434360179335,26.780000686645508,159.19130298146163,27.170000076293945,0.0,0.0,8256800,81192100
2024-02-01,157.16668701171875,27.290000915527344,0.0,0.0,157.29571224945704,27.329999923706055,155.8665608720112,26.729999542236328,156.96819713014176,27.100000381469727,0.0,0.0,8012000,53883000
2024-02-02,155.42987060546875,26.93000030517578,0.0,0.0,157.11705727723427,27.200000762939453,154.76492118781204,26.690000534057617,156.77962297164254,27.18000030517578,0.0,0.0,8295500,51663800
2024-02-05,154.6259765625,26.56999969482422,0.0,0.0,155.70775926400543,26.940000534057617,154.16943621613433,26.520000457763672,155.42987040754178,26.940000534057617,0.0,0.0,9121600,42633400
2024-02-06,156.8689422607422,27.5,0.0,0.0,157.53389168312924,27.729999542236328,154.42748798079057,26.56999969482422,154.65575058398446,26.65999984741211,0.0,0.0,9229900,56958700
2024-02-07,156.78955078125,27.559999465942383,0.0,0.0,158.16907594762014,27.649999618530273,156.5017427150898,27.299999237060547,156.61091442511076,27.549999237060547,0.0,0.0,8690300,36843000
2024-02-08,155.22145080566406,27.56999969482422,0.0,0.0,156.15436991314508,27.690000534057617,154.13966807201368,27.40999984741211,156.15436991314508,27.559999465942383,0.0,0.0,9755000,29048400
2024-02-09,155.5787353515625,27.559999465942383,0.0,0.0,156.0154221708045,27.59000015258789,154.4969526408629,27.3799991607666,155.09243742052146,27.559999465942383,0.0,0.0,6529200,29062700
2024-02-12,156.66053771972656,27.65999984741211,0.0,0.0,157.2163154533904,28.020000457763672,155.1718408714953,27.520000457763672,155.40010348129135,27.540000915527344,0.0,0.0,6701500,30323700
2024-02-13,155.29092407226562,26.969999313354492,0.0,0.0,157.2559995742143,27.829999923706055,154.57634840904672,26.860000610351562,156.4521057390447,27.540000915527344,0.0,0.0,8621000,37927500
2024-02-14,154.56643676757812,27.110000610351562,0.0,0.0,155.28101246571032,27.170000076293945,153.67320957300916,26.90999984741211,155.17184075783436,27.010000228881836,0.0,0.0,9098800,25270200
2024-02-15,156.72999572753906,27.510000228881836,0.0,0.0,157.28577343766753,27.809999465942383,154.71529395641988,27.219999313354492,154.80461212901767,27.25,0.0,0.0,7462500,36111600
2024-02-16,156.5500030517578,27.6200008392334,1.19,0.0,157.25999450683594,27.889999389648438,155.6699981689453,27.209999084472656,156.60000610351562,27.549999237060547,0.0,0.0,8540700,35913500
2024-02-20,157.86000061035156,27.59000015258789,0.0,0.0,158.61000061035156,28.139999389648438,156.44000244140625,27.520000457763672,156.55999755859375,27.610000610351562,0.0,0.0,9501700,34232000
2024-02-21,158.67999267578125,27.670000076293945,0.0,0.0,158.69000244140625,27.68000030517578,157.1300048828125,27.360000610351562,158.02000427246094,27.600000381469727,0.0,0.0,7473300,27370600
2024-02-22,160.4499969482422,27.549999237060547,0.0,0.0,160.74000549316406,27.700000762939453,157.77000427246094,27.190000534057617,158.97999572753906,27.59000015258789,0.0,0.0,8065000,31957500
2024-02-23,161.83999633789062,27.760000228881836,0.0,0.0,162.25,28.09000015258789,160.16000366210938,27.690000534057617,160.8800048828125,27.75,0.0,0.0,6726000,33182600
2024-02-26,160.7899932861328,27.18000030517578,0.0,0.0,162.00999450683594,27.670000076293945,160.57000732421875,27.06999969482422,161.8000030517578,27.670000076293945,0.0,0.0,5465400,45685500
2024-02-27,160.97999572753906,26.889999389648438,0.0,0.0,161.0399932861328,27.200000762939453,159.63999938964844,26.809999465942383,160.33999633789062,27.1200008392334,0.0,0.0,5078600,38598400
2024-02-28,161.5500030517578,27.040000915527344,0.0,0.0,161.61000061035156,27.239999771118164,160.2899932861328,26.81999969482422,161.0,26.959999084472656,0.0,0.0,6071100,31010200
2024-02-29,161.3800048828125,26.559999465942383,0.0,0.0,162.19000244140625,27.190000534057617,160.94000244140625,26.549999237060547,162.0,27.06999969482422,0.0,0.0,9849100,54643200
2024-03-01,162.1199951171875,26.59000015258789,0.0,0.0,162.57000732421875,26.899999618530273,161.08999633789062,26.510000228881836,161.8300018310547,26.829999923706055,0.0,0.0,5668000,46213600
2024-03-04,159.83999633789062,25.889999389648438,0.0,0.0,161.61000061035156,26.459999084472656,158.27000427246094,25.610000610351562,161.32000732421875,26.299999237060547,0.0,0.0,8532900,86777700
2024-03-05,159.97000122070312,26.079999923706055,0.0,0.0,161.24000549316406,26.420000076293945,159.1999969482422,25.690000534057617,160.6199951171875,25.8700008392334,0.0,0.0,8298200,73646100
2024-03-06,159.33999633789062,27.190000534057617,0.0,0.0,160.92999267578125,27.299999237060547,159.22000122070312,26.790000915527344,159.4600067138672,26.899999618530273,0.0,0.0,5773700,84919500
2024-03-07,158.8699951171875,26.790000915527344,0.0,0.0,160.36000061035156,27.31999969482422,158.24000549316406,26.760000228881836,160.0,27.200000762939453,0.0,0.0,5188700,46423800
2024-03-08,159.52000427246094,27.219999313354492,0.0,0.0,160.38999938964844,27.299999237060547,158.42999267578125,26.850000381469727,158.8699951171875,26.8799991607666,0.0,0.0,5283200,45869300
2024-03-11,161.22999572753906,28.3700008392334,0.0,0.0,161.32000732421875,28.389999389648438,158.8800048828125,27.309999465942383,159.49000549316406,27.309999465942383,0.0,0.0,4620800,52600100
2024-03-12,162.74000549316406,28.010000228881836,0.0,0.0,163.11000061035156,28.34000015258789,161.1300048828125,27.760000228881836,161.5800018310547,28.309999465942383,0.0,0.0,8018700,48758200
2024-03-13,161.10000610351562,28.219999313354492,0.0,0.0,162.67999267578125,28.690000534057617,159.80999755859375,28.190000534057617,162.52999877929688,28.290000915527344,0.0,0.0,6260000,39273000
2024-03-14,159.2100067138672,28.1299991607666,0.0,0.0,161.5399932861328,28.280000686645508,158.69000244140625,27.770000457763672,160.94000244140625,28.25,0.0,0.0,6988300,36428000
2024-03-15,158.17999267578125,27.940000534057617,0.0,0.0,159.19000244140625,28.280000686645508,157.10000610351562,27.860000610351562,158.05999755859375,27.959999084472656,0.0,0.0,13165500,75719200
2024-03-18,156.75999450683594,27.719999313354492,0.0,0.0,158.69000244140625,28.030000686645508,156.5,27.610000610351562,158.57000732421875,28.010000228881836,0.0,0.0,6602300,36226500
2024-03-19,156.2100067138672,27.6299991607666,0.0,0.0,156.86000061035156,27.780000686645508,155.66000366210938,27.31999969482422,156.6699981689453,27.670000076293945,0.0,0.0,7840600,29026600
2024-03-20,155.75999450683594,27.700000762939453,0.0,0.0,156.44000244140625,27.739999771118164,155.2100067138672,27.209999084472656,155.6999969482422,27.479999542236328,0.0,0.0,5982300,34468000
2024-03-21,155.75,27.65999984741211,0.0,0.0,156.9499969482422,28.040000915527344,155.10000610351562,27.6299991607666,155.58999633789062,27.75,0.0,0.0,5915800,29633700
2024-03-22,155.22999572753906,27.360000610351562,0.0,0.0,156.36000061035156,27.84000015258789,155.11000061035156,27.34000015258789,155.69000244140625,27.469999313354492,0.0,0.0,7245400,28789000
2024-03-25,155.22000122070312,27.43000030517578,0.0,0.0,155.97999572753906,27.479999542236328,154.89999389648438,27.100000381469727,155.39999389648438,27.239999771118164,0.0,0.0,7498100,31110600
2024-03-26,155.77000427246094,27.59000015258789,0.0,0.0,156.22999572753906,27.6299991607666,154.75999450683594,27.309999465942383,155.61000061035156,27.450000762939453,0.0,0.0,6864100,38220300
2024-03-27,157.9600067138672,27.780000686645508,0.0,0.0,158.22000122070312,27.940000534057617,155.44000244140625,27.540000915527344,155.99000549316406,27.709999084472656,0.0,0.0,8461600,34247600
2024-03-28,158.19000244140625,27.75,0.0,0.0,159.13999938964844,28.1200008392334,158.11000061035156,27.719999313354492,158.1999969482422,27.81999969482422,0.0,0.0,6181500,40466700
2024-04-01,157.77999877929688,27.719999313354492,0.0,0.0,158.14999389648438,27.8700008392334,156.77000427246094,27.579999923706055,157.72000122070312,27.760000228881836,0.0,0.0,4364700,26596600
2024-04-02,157.72999572753906,27.549999237060547,0.0,0.0,157.8300018310547,27.75,155.9499969482422,27.40999984741211,156.57000732421875,27.56999969482422,0.0,0.0,6102300,32451500
2024-04-03,154.25999450683594,27.219999313354492,0.0,0.0,158.0500030517578,27.75,154.25,27.200000762939453,157.7899932861328,27.510000228881836,0.0,0.0,8098200,36828600
2024-04-04,152.5,26.649999618530273,0.0,0.0,155.5,27.399999618530273,152.41000366210938,26.639999389648438,155.30999755859375,27.309999465942383,0.0,0.0,6947400,41922700
2024-04-05,152.38999938964844,26.65999984741211,0.0,0.0,153.00999450683594,26.700000762939453,151.61000061035156,26.350000381469727,152.02999877929688,26.559999465942383,0.0,0.0,6778100,39839500
2024-04-08,151.58999633789062,26.579999923706055,0.0,0.0,153.0399932861328,26.81999969482422,151.55999755859375,26.520000457763672,151.99000549316406,26.600000381469727,0.0,0.0,5935400,24431400
2024-04-09,152.2899932861328,26.780000686645508,0.0,0.0,152.52999877929688,27.420000076293945,150.94000244140625,26.649999618530273,151.5500030517578,26.770000457763672,0.0,0.0,6135600,45193600
2024-04-10,150.1999969482422,26.31999969482422,0.0,0.0,151.82000732421875,26.59000015258789,149.75999450683594,26.15999984741211,151.52999877929688,26.520000457763672,0.0,0.0,6809500,44541600
2024-04-11,148.7899932861328,26.34000015258789,0.0,0.0,150.8699951171875,26.450000762939453,148.38999938964844,26.1299991607666,150.8000030517578,26.350000381469727,0.0,0.0,8374400,32814500
2024-04-12,147.52000427246094,25.860000610351562,0.0,0.0,149.07000732421875,26.31999969482422,147.14999389648438,25.829999923706055,148.05999755859375,26.25,0.0,0.0,7097500,42985600
